,Title,Channel,Views,Ago
0,родроЩрпНроХ роЪро┐роЩрпНроХроорпБроорпН роЪрпВрокрпНрокро░рпН рокро╡ро░рпН роХрпКрогрпНроЯ рооройро┐родро░рпНроХро│рпБроорпН | Top Ten Movies | Voice Over | Tamil Movies,https://www.youtube.com/@toptenmoviesintamil,132K views,4 days ago
1,Mangalavaram Telugu Movie Disorder Explained | Top 10 Interesting Facts | Telugu Facts | VR Facts,https://www.youtube.com/@Vrrajafacts,161K views,21 hours ago
2,роЯро┐ро░ро╛роХройрпН рооро▓рпИропрпИ родрпЗроЯрпБроорпН роХро▓рпНро▓ро▒рпИ роХрпКро│рпНро│рпИропро░рпНроХро│рпН | Top Ten Movies | Voice Over | Tamil Movies Explanation,https://www.youtube.com/@toptenmoviesintamil,30K views,2 weeks ago
3,роЗрокрпНрокроЯро┐ роТро░рпБ роЪрпВрокрпНрокро░рпН рокро╡ро░рпН роХро┐роЯрпИродрпНродро╛ро▓рпН | Top Ten Movies | Voice Over | Tamil Movies,https://www.youtube.com/@toptenmoviesintamil,36K views,2 weeks ago
4,роХрпБро░роЩрпНроХрпБ ро░ро╛роЬро╛ро╡рпБроорпН роирпЖро╖ро╛ роХроЯро╡рпБро│рпБроорпН | Top Ten Movies | Voice Over | Tamil Movies,https://www.youtube.com/@toptenmoviesintamil,111K views,1 month ago
5,Reacting to the TOP 10 Most Popular Songs in India right now...,https://www.youtube.com/@Waleska-Herrera,115K views,5 days ago
6,500 роЖрогрпНроЯрпБроХро│рпБроХрпНроХрпБ роТро░рпБроорпБро▒рпИ роХроЯро╡рпБро│ро╛роХ рооро╛ро▒рпБроорпН ро╡ро╛ропрпНрокрпНрокрпБ | Top Ten Movies | Voice Over | Tamil Movies,https://www.youtube.com/@toptenmoviesintamil,68K views,1 month ago
7,1000 роЖрогрпНроЯрпБроХро│рпН роХро┤ро┐родрпНродрпБ роЕро╡родро░ро┐роХрпНроХрпБроорпН рооройро┐род роХроЯро╡рпБро│рпН | Top Ten Movies | Voice Over | Tamil Movies,https://www.youtube.com/@toptenmoviesintamil,215K views,1 month ago
8,роирпЖро░рпБрокрпНрокрпБ роХроЯро╡рпБро│ро┐ройрпН ро╡ро╛ро░ро┐роЪрпБ роЗро╡ройрпН | Top Ten Movies | Tamil Voice Over | Mr Tamilan,https://www.youtube.com/@toptenmoviesintamil,191K views,1 year ago
9,IMDb: Top 20 Best TV/Web Series that are Emotion (Part 2),https://www.youtube.com/@ABHIKAREVIEW,63K views,23 hours ago
10,"роХро┐.роорпБ 10,000 роирпВро▒рпНро▒ро╛рогрпНроЯро┐ро▓рпН роироЯроХрпНроХрпБроорпН роХро╛ро▓ рокропрогроорпН | Top Ten Movies | Voice Over | Tamil Movies",https://www.youtube.com/@toptenmoviesintamil,102K views,4 weeks ago
11,5000 роЖрогрпНроЯрпБроХро│ро╛роХ рокро╛родрпБроХро╛роХрпНроХрокрпНрокроЯрпБроорпН рокрпБродрпИропро▓рпН | Top Ten Movies | Voice Over | Tamil Movies,https://www.youtube.com/@toptenmoviesintamil,52K views,6 days ago
12,"Top 10 Best SCI FI Movies On Netflix, Amazon Prime, HBO MAX | Best Sci Fi Movies To Watch In 2023",https://www.youtube.com/@Select10,23K views,2 days ago
13,TOP 10 Oscar Winning Adventure Movie in Hindi,https://www.youtube.com/@vkexplain,64K views,13 days ago
14,Top 10 Hollywood Movies in 2023 | IMDB Highest Rated,https://www.youtube.com/@ABHIKAREVIEW,495K views,4 months ago
15,TOP: 10 MOST Watched Movies on Netflix | Official list Netflix Originals | Moviesbolt,https://www.youtube.com/@MoviesBolt,460K views,5 months ago
16,The Best Upcoming Movies 2023 & 2024 (New Trailers),https://www.youtube.com/@KinoCheck.com,668K views,2 weeks ago
17,роЪрпВрокрпНрокро░рпН ро╣рпАро░рпЛроХрпНроХро│ро╛роХ рооро╛ро▒рпБроорпН 14 ро╡ропродрпБ роЪро┐ро▒рпБро╡ро░рпНроХро│рпН | Top Ten Movies | Voice Over | Tamil Movies,https://www.youtube.com/@toptenmoviesintamil,99K views,1 month ago
18,"роХро┐.роорпБ 10,000 роирпВро▒рпНро▒ро╛рогрпНроЯро┐ро▓рпН роироЯроХрпНроХрпБроорпН роХро╛ро▓ рокропрогроорпН| Top Ten Movies | Voice Over | Tamil Movies Explanation",https://www.youtube.com/@toptenmoviesintamil,50K views,2 weeks ago
19,роХро▒рпНрокройрпИ роироХро░роорпБроорпН ро░роХроЪро┐роп роЙро│ро╡ро╛ро│ро┐роХро│рпБроорпН | Top Ten Movies | Tamil Movies | Movie Story & Review In Tamil,https://www.youtube.com/@toptenmoviesintamil,31K views,1 month ago
20,3 роЪрпВрокрпНрокро░рпН ро╣рпАро░рпЛроХрпНроХро│рпБроорпН роороирпНродро┐ро░ рокродроХрпНроХроЩрпНроХро│рпБроорпН | Top Ten Movies | Voice Over | Tamil Movies Explanation,https://www.youtube.com/@toptenmoviesintamil,43K views,12 days ago
21,Top 10 Best South Indian Suspense Thriller Movies 2023 (IMDb) | You Shouldn't Miss | Part 2,https://www.youtube.com/@SouthSuperKings,122K views,1 month ago
22,роЙро▓роХро┐ройрпН рооро┐роХ роЪроХрпНродро┐ ро╡ро╛ропрпНроирпНрод роЖрокродрпНродро╛рой роЙропро┐ро░ро┐ройроЩрпНроХро│рпН | Top Ten Movies | Movie Story & Review In Tamil,https://www.youtube.com/@toptenmoviesintamil,57K views,1 month ago
23,Top 20 Scariest Natural Disaster Movies,https://www.youtube.com/@WatchMojo,344K views,4 months ago
24,top 10 best hollywood movies in hindi #viral #trending ЁЯФеЁЯФе,https://www.youtube.com/@thoughtGk,1M views,5 months ago
25,Top 10 Best Action Movies Of 2023 So Far | New Hollywood Action Movies Released in 2023 | New Movies,https://www.youtube.com/@Select10,143K views,2 months ago
26,TOP 10 Oscar Winning Adventure Movie in Hindi,https://www.youtube.com/@vkexplain,64K views,13 days ago
27,Top 10 Best Magic Adventure Movies In Hindi/Eng | Best Magical Fantasy Movies in Hindi | Part 3,https://www.youtube.com/@Round2flix,362K views,5 months ago
28,Top 10 Best Classic Hollywood Movies of All Time,https://www.youtube.com/@MsMojo,414K views,7 months ago
29,Top 10 Disney Questions That Got Answered,https://www.youtube.com/@MsMojo,21K views,17 hours ago
30,Top 10 New SuperHit South Hindi Movies Available On YouTube | Bhagavanth Kesari | Captain Miller,https://www.youtube.com/@SouthFilmyNews,3.1K views,5 hours ago
31,Top 20 Best Fake Songs from Movies,https://www.youtube.com/@MsMojo,9.9K views,11 hours ago
32,Top 10 New Blockbuster South Hindi Dubbed Movies Available On YouTube | Bhagavanth Kesari | Hi Nanna,https://www.youtube.com/@SouthMovieNewss,7.1K views,21 hours ago
33,Top 8 South Mystery Suspense Thriller Movies In Hindi 2023 | Murder Mystery Thriller | Hatya,https://www.youtube.com/@MySmartFilmy,4.1K views,23 hours ago
34,Thalapathy Vijay Top 10 Upcoming Movies 2024-2025 | 2024-2025 ро╡ро┐роЬропрпН роироЯро┐роХрпНроХрпБроорпН 10 рокрпБродро┐роп родро┐ро░рпИрокрпНрокроЯроЩрпНроХро│рпН,https://www.youtube.com/@CinemaClubb,3K views,20 hours ago
35,TOP 10 BEST INDIAN MOVIES OF 2022 || #shorts #top10 #viral,https://www.youtube.com/@GrowWithArnab,2M views,9 months ago
36,Top 10 Action Movies of 2023,https://www.youtube.com/@communiTV,330K views,4 months ago
37,Top 10 mass South Indian Heroes ЁЯФеЁЯФеЁЯШИЁЯШИ #viral #shorts #vijay #ajith #maheshbabu,https://www.youtube.com/@a.t.dmarvelfans,2.8K views,5 hours ago
38,Top 10 Indian Movies with Highest Worldwide Opening Gross Collection,https://www.youtube.com/@top10ofeverything243,190 views,5 hours ago
39,Top 10 BEST Movie Duologies REVEALED..,https://www.youtube.com/@recapchasers8293,No views,23 hours ago
40,Top 10 Netflix Movies for you to watch,https://www.youtube.com/@LucasPelizaro,2.3K views,13 hours ago
41,Top 10 horror movies in indiaЁЯТАЁЯТА #shorts,https://www.youtube.com/@FUN_FACT120,2.4K views,9 hours ago
